{"loss": [643.2318115234375, 622.724609375], "mean_absolute_error": [643.2318115234375, 622.724609375], "mean_squared_error": [448888.84375, 420958.34375], "val_loss": [503.36944580078125, 486.6539611816406], "val_mean_absolute_error": [503.36944580078125, 486.6539611816406], "val_mean_squared_error": [259278.046875, 242381.953125]}