{"loss": [43.502899169921875, 12.92869758605957, 13.516660690307617, 10.720418930053711, 9.697425842285156, 9.239990234375, 8.90291690826416, 8.742032051086426, 8.760416984558105, 8.493404388427734], "mean_absolute_error": [43.502899169921875, 12.928696632385254, 13.516660690307617, 10.720418930053711, 9.697425842285156, 9.239990234375, 8.90291690826416, 8.742032051086426, 8.760417938232422, 8.493404388427734], "mean_squared_error": [2626.78662109375, 227.83895874023438, 238.82164001464844, 167.7583465576172, 133.65887451171875, 124.5509033203125, 109.71338653564453, 106.51850128173828, 108.09906005859375, 101.44065856933594], "val_loss": [6.3816728591918945, 24.203426361083984, 10.061220169067383, 6.979408264160156, 14.06309700012207, 12.30412483215332, 10.111279487609863, 12.918510437011719, 10.448884963989258, 11.452925682067871], "val_mean_absolute_error": [6.3816728591918945, 24.203426361083984, 10.061220169067383, 6.979408264160156, 14.06309700012207, 12.30412483215332, 10.111279487609863, 12.918510437011719, 10.448884963989258, 11.452925682067871], "val_mean_squared_error": [50.04766082763672, 603.2745971679688, 134.9045867919922, 70.45687866210938, 225.3567657470703, 180.76498413085938, 133.97494506835938, 194.31521606445312, 139.15087890625, 159.2215576171875]}