{"loss": [590.5518188476562, 468.8481750488281, 361.34844970703125, 264.9607238769531, 178.57492065429688, 98.99545288085938, 29.01287078857422, 11.498100280761719, 11.007729530334473, 10.889222145080566, 10.91390323638916, 10.80517292022705, 10.902252197265625, 10.865548133850098, 10.816611289978027, 10.814505577087402, 10.86729621887207, 10.97183895111084, 11.012406349182129, 10.829601287841797], "mean_absolute_error": [590.5518188476562, 468.8481750488281, 361.34844970703125, 264.9607238769531, 178.57492065429688, 98.99545288085938, 29.01287078857422, 11.498100280761719, 11.007729530334473, 10.889222145080566, 10.91390323638916, 10.80517292022705, 10.902252197265625, 10.865548133850098, 10.816611289978027, 10.814505577087402, 10.867297172546387, 10.97183895111084, 11.012406349182129, 10.829601287841797], "mean_squared_error": [381081.0625, 240640.21875, 144067.453125, 77807.1796875, 36135.0703125, 11752.4501953125, 1409.618896484375, 203.140625, 170.42926025390625, 171.21043395996094, 168.6434783935547, 165.72264099121094, 169.62355041503906, 168.9647674560547, 167.8473663330078, 165.41615295410156, 169.57139587402344, 174.73196411132812, 171.9709014892578, 166.5825653076172], "val_loss": [415.7835998535156, 322.31298828125, 239.20071411132812, 165.1100616455078, 97.3636474609375, 34.47315979003906, 19.669300079345703, 15.483846664428711, 18.253725051879883, 15.703529357910156, 16.674720764160156, 18.309326171875, 17.46247673034668, 16.97536277770996, 16.902889251708984, 18.6044979095459, 16.159021377563477, 14.541826248168945, 18.211162567138672, 17.22313117980957], "val_mean_absolute_error": [415.7835998535156, 322.31298828125, 239.20071411132812, 165.1100616455078, 97.3636474609375, 34.47315979003906, 19.669300079345703, 15.483846664428711, 18.253725051879883, 15.703529357910156, 16.67472267150879, 18.309326171875, 17.46247673034668, 16.97536277770996, 16.902889251708984, 18.6044979095459, 16.159021377563477, 14.541826248168945, 18.211162567138672, 17.22313117980957], "val_mean_squared_error": [177072.59375, 106590.7734375, 58874.82421875, 28204.953125, 9949.10546875, 1368.718994140625, 433.51788330078125, 292.9176330566406, 381.93792724609375, 299.3581848144531, 329.2086486816406, 383.8072204589844, 354.7979736328125, 338.7589111328125, 336.38677978515625, 394.13201904296875, 312.914794921875, 265.8767395019531, 380.15399169921875, 346.64111328125]}