{"loss": [18.84166145324707, 8.995894432067871, 8.612161636352539, 8.172673225402832, 7.691127777099609, 7.076247215270996, 6.771851062774658, 6.5688042640686035, 6.062953948974609, 6.124118328094482], "mean_absolute_error": [18.84166145324707, 8.995893478393555, 8.612161636352539, 8.172673225402832, 7.691127777099609, 7.076247215270996, 6.771851062774658, 6.5688042640686035, 6.062953948974609, 6.124118328094482], "mean_squared_error": [652.876708984375, 115.83588409423828, 106.03355407714844, 97.31167602539062, 88.90446472167969, 73.46125793457031, 69.28874969482422, 65.84187316894531, 57.593624114990234, 59.19089126586914], "val_loss": [10.618122100830078, 9.889471054077148, 10.642556190490723, 13.18504524230957, 8.222498893737793, 9.477916717529297, 7.33759069442749, 7.8245673179626465, 8.631708145141602, 4.871171951293945], "val_mean_absolute_error": [10.618122100830078, 9.889471054077148, 10.642556190490723, 13.18504524230957, 8.222498893737793, 9.477916717529297, 7.33759069442749, 7.8245673179626465, 8.631708145141602, 4.871171951293945], "val_mean_squared_error": [145.01187133789062, 128.73692321777344, 140.54736328125, 195.98501586914062, 93.16546630859375, 112.14485168457031, 75.73902130126953, 82.2583999633789, 93.93182373046875, 28.987926483154297]}