{"loss": [23.44940948486328, 14.686541557312012, 13.260895729064941], "mean_absolute_error": [23.44940948486328, 14.686541557312012, 13.260895729064941], "mean_squared_error": [940.7816772460938, 298.7567138671875, 279.3255310058594], "val_loss": [30.978374481201172, 9.718290328979492, 19.45977783203125], "val_mean_absolute_error": [30.978374481201172, 9.718290328979492, 19.45977783203125], "val_mean_squared_error": [996.3557739257812, 132.08189392089844, 428.77801513671875]}