{"loss": [558.4769897460938, 174.36611938476562, 173.1023406982422, 172.40223693847656, 172.21498107910156, 171.4681396484375, 171.10470581054688, 170.7181854248047, 170.91769409179688, 171.67599487304688, 171.27796936035156, 170.5071258544922, 169.24649047851562, 168.88633728027344, 168.38084411621094], "mean_absolute_error": [17.906936645507812, 11.214272499084473, 11.116579055786133, 11.085862159729004, 11.063709259033203, 11.087388038635254, 11.055584907531738, 11.005760192871094, 11.059704780578613, 11.05774211883545, 11.077305793762207, 10.984601974487305, 10.964784622192383, 10.975040435791016, 10.97887897491455], "mean_squared_error": [558.4769897460938, 174.36611938476562, 173.1023406982422, 172.40223693847656, 172.21498107910156, 171.4681396484375, 171.10470581054688, 170.7181854248047, 170.91769409179688, 171.6759796142578, 171.27796936035156, 170.5071258544922, 169.24649047851562, 168.88633728027344, 168.38084411621094], "val_loss": [254.2188262939453, 348.641357421875, 337.27789306640625, 334.50543212890625, 332.68475341796875, 339.78900146484375, 344.56219482421875, 329.80267333984375, 355.8109130859375, 334.1571044921875, 341.8322448730469, 332.827880859375, 334.1234130859375, 323.3147277832031, 345.97882080078125], "val_mean_absolute_error": [14.060275077819824, 17.256488800048828, 16.908809661865234, 16.825448989868164, 16.77124786376953, 16.995010375976562, 17.144079208374023, 16.687053680419922, 17.48894691467285, 16.828109741210938, 17.068490982055664, 16.7912654876709, 16.834197998046875, 16.495479583740234, 17.20510482788086], "val_mean_squared_error": [254.2188262939453, 348.641357421875, 337.27789306640625, 334.50543212890625, 332.68475341796875, 339.78900146484375, 344.56219482421875, 329.80267333984375, 355.8109130859375, 334.1571044921875, 341.8322448730469, 332.827880859375, 334.1234130859375, 323.3147277832031, 345.97882080078125]}