{"loss": [17.33372688293457, 11.868612289428711, 11.065226554870605, 9.312524795532227, 8.3297119140625, 8.342289924621582, 6.571108818054199, 6.520627975463867, 6.304849624633789, 5.272612571716309, 5.371274471282959, 4.988504886627197, 4.81654167175293, 5.185201168060303, 5.7793989181518555], "mean_absolute_error": [17.33372688293457, 11.868612289428711, 11.065226554870605, 9.312524795532227, 8.3297119140625, 8.342289924621582, 6.571108818054199, 6.520627975463867, 6.304849624633789, 5.272612571716309, 5.371274471282959, 4.988504886627197, 4.81654167175293, 5.185201168060303, 5.7793989181518555], "mean_squared_error": [527.2637939453125, 207.9046630859375, 186.69430541992188, 129.30230712890625, 107.42428588867188, 105.07975769042969, 72.58021545410156, 70.0442886352539, 65.90087890625, 47.96934509277344, 48.654117584228516, 43.062095642089844, 40.532588958740234, 44.05442810058594, 51.37417984008789], "val_loss": [20.956682205200195, 11.664785385131836, 15.396695137023926, 14.249502182006836, 10.77015209197998, 11.069694519042969, 12.461030960083008, 7.443028450012207, 8.257367134094238, 10.830026626586914, 6.983698844909668, 9.728216171264648, 9.824124336242676, 8.990800857543945, 6.4543328285217285], "val_mean_absolute_error": [20.956682205200195, 11.664785385131836, 15.396695137023926, 14.249502182006836, 10.77015209197998, 11.069694519042969, 12.461030960083008, 7.443027496337891, 8.257367134094238, 10.830026626586914, 6.983698844909668, 9.728216171264648, 9.824124336242676, 8.990800857543945, 6.4543328285217285], "val_mean_squared_error": [486.97088623046875, 178.87510681152344, 284.50189208984375, 247.74569702148438, 158.8931121826172, 165.05328369140625, 194.49815368652344, 85.43342590332031, 106.88374328613281, 155.89602661132812, 79.55286407470703, 133.4344482421875, 134.90576171875, 119.48838806152344, 67.40830993652344]}