{"loss": [1326.4676513671875, 985.8430786132812, 740.7779541015625, 544.3768310546875], "mean_absolute_error": [29.71476936340332, 25.260784149169922, 21.669771194458008, 18.542346954345703], "mean_squared_error": [1326.4676513671875, 985.8430786132812, 740.7779541015625, 544.3768310546875], "val_loss": [148.22311401367188, 101.36619567871094, 85.35118103027344, 93.24400329589844], "val_mean_absolute_error": [9.514010429382324, 8.548095703125, 8.278402328491211, 8.408321380615234], "val_mean_squared_error": [148.22311401367188, 101.36619567871094, 85.35118103027344, 93.24400329589844]}